{"cameraMode":{"drawMode":0,"name":"Shaded","section":"Shading Mode"},"sceneLighting":true,"audioPlay":false,"sceneViewState":{"showFog":true,"showMaterialUpdate":false,"showSkybox":true,"showFlares":true,"showImageEffects":true,"showParticleSystems":true},"in2DMode":false,"pivot":{"x":0.3856072425842285,"y":-1.4015464782714844,"z":-1.4179775714874268},"rotation":{"x":-0.35023897886276247,"y":0.2950544059276581,"z":-0.11727084219455719,"w":-0.8812062740325928},"size":14.045087814331055,"orthographic":false}